Brand,Link
Abercrombie & Fitch,http://external-content.duckduckgo.com/iu/?u=https%3A%2F%2Ftse2.mm.bing.net%2Fth%3Fid%3DOIP.8NiXs2F89FCCi4m7xb50IgHaDy%26pid%3DApi&f=1
Adidas,http://external-content.duckduckgo.com/iu/?u=https%3A%2F%2Ftse4.mm.bing.net%2Fth%3Fid%3DOIP.ZhoLvVcS3m2yNSqh9FGDvgHaFA%26pid%3DApi&f=1
Aeropostale,http://external-content.duckduckgo.com/iu/?u=https%3A%2F%2Ftse4.mm.bing.net%2Fth%3Fid%3DOIP.F2vhNXR6GDrmrJGjFD_5pwHaB0%26pid%3DApi&f=1
AJIO,http://external-content.duckduckgo.com/iu/?u=https%3A%2F%2Ftse2.mm.bing.net%2Fth%3Fid%3DOIP.iO_5s8-1GhLQ0zH45ELTYgAAAA%26pid%3DApi&f=1
ALDI Nord,http://external-content.duckduckgo.com/iu/?u=https%3A%2F%2Ftse1.mm.bing.net%2Fth%3Fid%3DOIP.k4ImCV08YRLLGVQAze5LBgHaHx%26pid%3DApi&f=1
ALDI SOUTH,http://external-content.duckduckgo.com/iu/?u=https%3A%2F%2Ftse2.mm.bing.net%2Fth%3Fid%3DOIP.wcqAvhjwnaqZW1HopMXYsAHaLv%26pid%3DApi&f=1
ALDO,http://external-content.duckduckgo.com/iu/?u=https%3A%2F%2Ftse3.explicit.bing.net%2Fth%3Fid%3DOIP.AV5jBOdAzoul7QogXxwpaAHaBj%26pid%3DApi&f=1
Amazon,http://external-content.duckduckgo.com/iu/?u=https%3A%2F%2Ftse2.mm.bing.net%2Fth%3Fid%3DOIP.dU7voyou7U7ujxf3AsNAwgHaDH%26pid%3DApi&f=1
American Eagle,http://external-content.duckduckgo.com/iu/?u=https%3A%2F%2Ftse1.mm.bing.net%2Fth%3Fid%3DOIP.UCKEAmtASyRby0YzjVYLXQHaEM%26pid%3DApi&f=1
ANTA,http://external-content.duckduckgo.com/iu/?u=https%3A%2F%2Ftse2.mm.bing.net%2Fth%3Fid%3DOIP.2hjuQZHATjmaUywcbECuGwHaFj%26pid%3DApi&f=1
Anthropologie,http://external-content.duckduckgo.com/iu/?u=https%3A%2F%2Ftse2.mm.bing.net%2Fth%3Fid%3DOIP.SLNjcZdQ5ue_RTdvKjVeKgHaAd%26pid%3DApi&f=1
Aritzia,http://external-content.duckduckgo.com/iu/?u=https%3A%2F%2Ftse2.mm.bing.net%2Fth%3Fid%3DOIP.TU02ZvN5K3VaxsBqtihADgHaC3%26pid%3DApi&f=1
Armani,http://external-content.duckduckgo.com/iu/?u=https%3A%2F%2Ftse4.mm.bing.net%2Fth%3Fid%3DOIP.Uk3Yf7C5gVI0SzeMq234ogHaEK%26pid%3DApi&f=1
Asda,http://external-content.duckduckgo.com/iu/?u=https%3A%2F%2Ftse4.mm.bing.net%2Fth%3Fid%3DOIP.VQrH7_P7xqcwIrVp2Hhe2gHaDT%26pid%3DApi&f=1
ASICS,http://external-content.duckduckgo.com/iu/?u=https%3A%2F%2Ftse3.mm.bing.net%2Fth%3Fid%3DOIP.eRDFLycsjVQv3xUw5soQJAHaCm%26pid%3DApi&f=1
ASOS,http://external-content.duckduckgo.com/iu/?u=https%3A%2F%2Ftse3.mm.bing.net%2Fth%3Fid%3DOIP.Ub-FEg9AhvKvk-Ku7VdHOQHaCb%26pid%3DApi&f=1
Balenciaga,http://external-content.duckduckgo.com/iu/?u=https%3A%2F%2Ftse3.mm.bing.net%2Fth%3Fid%3DOIP.VrbxB9BpzSkFCTcZSaxn2AHaHa%26pid%3DApi&f=1
Bally,http://external-content.duckduckgo.com/iu/?u=https%3A%2F%2Ftse4.mm.bing.net%2Fth%3Fid%3DOIP.Xuu5WGFpztyBF9F6tPzklwHaBS%26pid%3DApi&f=1
Banana Republic,http://external-content.duckduckgo.com/iu/?u=https%3A%2F%2Ftse4.mm.bing.net%2Fth%3Fid%3DOIP.LFdjPbHvfqgLg3fHNyEJBAHaHa%26pid%3DApi&f=1
BCBGMAXAZRIA,http://external-content.duckduckgo.com/iu/?u=https%3A%2F%2Ftse4.mm.bing.net%2Fth%3Fid%3DOIP.Qb75qHTEJH25Kv_zW_ZJnAAAAA%26pid%3DApi&f=1
Beanpole,http://external-content.duckduckgo.com/iu/?u=https%3A%2F%2Ftse1.mm.bing.net%2Fth%3Fid%3DOIP.BJOo5AcILnNfxyAfBjfGHAHaEd%26pid%3DApi&f=1
Belle,http://external-content.duckduckgo.com/iu/?u=https%3A%2F%2Ftse2.mm.bing.net%2Fth%3Fid%3DOIP.7TGRM7bN3fE9gU_M1tCkLAHaHa%26pid%3DApi&f=1
Bershka,http://external-content.duckduckgo.com/iu/?u=https%3A%2F%2Ftse1.mm.bing.net%2Fth%3Fid%3DOIP.pLdBsP6RdDu58ELrYLP14QHaB6%26pid%3DApi&f=1
Big Bazaar - ffb,http://external-content.duckduckgo.com/iu/?u=https%3A%2F%2Ftse2.mm.bing.net%2Fth%3Fid%3DOIP.YXilqDq-MvwuFEO9fvzLAQHaB-%26pid%3DApi&f=1
Big W,http://external-content.duckduckgo.com/iu/?u=https%3A%2F%2Ftse1.mm.bing.net%2Fth%3Fid%3DOIP.RdK6QxsQXXfNxseLVa2iUAHaHa%26pid%3DApi&f=1
Billabong,http://external-content.duckduckgo.com/iu/?u=https%3A%2F%2Ftse1.mm.bing.net%2Fth%3Fid%3DOIP.1Tf1MKn3gRG8XQHfHIJYLgHaE_%26pid%3DApi&f=1
Bloomingdale's,http://external-content.duckduckgo.com/iu/?u=https%3A%2F%2Ftse2.mm.bing.net%2Fth%3Fid%3DOIP.W8z4ZW5CRvj3I2oEiSmt2wHaBP%26pid%3DApi&f=1
Bonprix,http://external-content.duckduckgo.com/iu/?u=https%3A%2F%2Ftse2.mm.bing.net%2Fth%3Fid%3DOIP.kb8xhbVKhHtrKWWLVHJq9QHaEc%26pid%3DApi&f=1
boohoo,http://external-content.duckduckgo.com/iu/?u=https%3A%2F%2Ftse1.mm.bing.net%2Fth%3Fid%3DOIP.43PKQIzVOggvr5c5fN3kGwHaHa%26pid%3DApi&f=1
Bosideng,http://external-content.duckduckgo.com/iu/?u=https%3A%2F%2Ftse3.mm.bing.net%2Fth%3Fid%3DOIP.2XVitW0LYyvisNLwF9TCCQHaEK%26pid%3DApi&f=1
Bottega Veneta,http://external-content.duckduckgo.com/iu/?u=https%3A%2F%2Ftse3.mm.bing.net%2Fth%3Fid%3DOIP.YoV3s3Rzs1actMsjklKUCwHaHa%26pid%3DApi&f=1
Brooks Sport,http://external-content.duckduckgo.com/iu/?u=https%3A%2F%2Ftse4.mm.bing.net%2Fth%3Fid%3DOIP.wt6qYrSbctET9Lw5ugH3fQHaHa%26pid%3DApi&f=1
Brunello Cucinelli,http://external-content.duckduckgo.com/iu/?u=https%3A%2F%2Ftse1.explicit.bing.net%2Fth%3Fid%3DOIP.5IHPsFDXeBEN8vc7z9H74AHaCL%26pid%3DApi&f=1
Buckle,http://external-content.duckduckgo.com/iu/?u=https%3A%2F%2Ftse1.mm.bing.net%2Fth%3Fid%3DOIP.LqWdsCWPeq1ysASA7NSoSwAAAA%26pid%3DApi&f=1
Burberry,http://external-content.duckduckgo.com/iu/?u=https%3A%2F%2Ftse2.mm.bing.net%2Fth%3Fid%3DOIP.r1OkJJEstwF6ZcpmyefTEAHaEK%26pid%3DApi&f=1
Burlington,http://external-content.duckduckgo.com/iu/?u=https%3A%2F%2Ftse4.mm.bing.net%2Fth%3Fid%3DOIP.KoGYuifsPn1j6ETZj0QLWQHaEo%26pid%3DApi&f=1
C&A,http://external-content.duckduckgo.com/iu/?u=https%3A%2F%2Ftse1.mm.bing.net%2Fth%3Fid%3DOIP.pBjki3XubF-y6mu-_-lk0QHaBp%26pid%3DApi&f=1
Calvin Klein,http://external-content.duckduckgo.com/iu/?u=https%3A%2F%2Ftse3.mm.bing.net%2Fth%3Fid%3DOIP.6x9rdhAwrQPSM0bPiwC8MwHaEK%26pid%3DApi&f=1
Calzedonia,http://external-content.duckduckgo.com/iu/?u=https%3A%2F%2Ftse3.mm.bing.net%2Fth%3Fid%3DOIP.BAWSEVOxcA6hqDnnkxwLLwHaBB%26pid%3DApi&f=1
Canada Goose,http://external-content.duckduckgo.com/iu/?u=https%3A%2F%2Ftse1.mm.bing.net%2Fth%3Fid%3DOIP.p6qwvMcZWTX9sS3f7tEkVAHaEK%26pid%3DApi&f=1
Carhartt,http://external-content.duckduckgo.com/iu/?u=https%3A%2F%2Ftse2.mm.bing.net%2Fth%3Fid%3DOIP._FEA2Bdgwlf_0WRYn2qGyQHaHx%26pid%3DApi&f=1
Carolina Herrera,http://external-content.duckduckgo.com/iu/?u=https%3A%2F%2Ftse2.mm.bing.net%2Fth%3Fid%3DOIP.vSAOSKRjGUkeWycPI4BViAHaHa%26pid%3DApi&f=1
CAROLL,http://external-content.duckduckgo.com/iu/?u=https%3A%2F%2Ftse4.mm.bing.net%2Fth%3Fid%3DOIP.806iJLohrhyXBJT1N5SVlgHaHa%26pid%3DApi&f=1
Carrefour ,http://external-content.duckduckgo.com/iu/?u=https%3A%2F%2Ftse4.explicit.bing.net%2Fth%3Fid%3DOIP.Qmbtu9d4ofpLO8CG3eqaJwHaHa%26pid%3DApi&f=1
Carter's,http://external-content.duckduckgo.com/iu/?u=https%3A%2F%2Ftse2.mm.bing.net%2Fth%3Fid%3DOIP.RSCX6qHqDrFlhcEXsFiR7wHaB6%26pid%3DApi&f=1
CELINE,http://external-content.duckduckgo.com/iu/?u=https%3A%2F%2Ftse2.mm.bing.net%2Fth%3Fid%3DOIP.my8wYf4slnWUHcXFdFSViAHaB_%26pid%3DApi&f=1
celio,http://external-content.duckduckgo.com/iu/?u=https%3A%2F%2Ftse4.mm.bing.net%2Fth%3Fid%3DOIP.shAPMiF3cZnS5r1qLsyIzwHaCA%26pid%3DApi&f=1
Champion,http://external-content.duckduckgo.com/iu/?u=https%3A%2F%2Ftse2.mm.bing.net%2Fth%3Fid%3DOIP.N3350YSsZuR65Y42s0IVkAHaHa%26pid%3DApi&f=1
Chanel,http://external-content.duckduckgo.com/iu/?u=https%3A%2F%2Ftse3.mm.bing.net%2Fth%3Fid%3DOIP.VftoGqwl3axDrmW59tVTrQHaE3%26pid%3DApi&f=1
Chico's,http://external-content.duckduckgo.com/iu/?u=https%3A%2F%2Ftse2.mm.bing.net%2Fth%3Fid%3DOIP.sGsd52Dp9LaJ2v_Ir_gy-AHaBe%26pid%3DApi&f=1
Chloé,http://external-content.duckduckgo.com/iu/?u=https%3A%2F%2Ftse1.mm.bing.net%2Fth%3Fid%3DOIP.e9redIjeIBw3s68S4jBdvQHaCS%26pid%3DApi&f=1
Claire's,http://external-content.duckduckgo.com/iu/?u=https%3A%2F%2Ftse4.mm.bing.net%2Fth%3Fid%3DOIP.zE6fGMI0i5_en4RCnqZSqgHaCB%26pid%3DApi&f=1
Clarks,http://external-content.duckduckgo.com/iu/?u=https%3A%2F%2Ftse4.mm.bing.net%2Fth%3Fid%3DOIP.KbW3WnT2iWQwPuLKje0BvgHaCE%26pid%3DApi&f=1
COACH,http://external-content.duckduckgo.com/iu/?u=https%3A%2F%2Ftse2.mm.bing.net%2Fth%3Fid%3DOIP.4mzb4dHPcxB-BUko7sDEvAHaDF%26pid%3DApi&f=1
Cole Haan,http://external-content.duckduckgo.com/iu/?u=https%3A%2F%2Ftse2.mm.bing.net%2Fth%3Fid%3DOIP.qv8czHWfljGEiB1_qE4VzgHaB_%26pid%3DApi&f=1
Columbia Sportswear,http://external-content.duckduckgo.com/iu/?u=https%3A%2F%2Ftse4.mm.bing.net%2Fth%3Fid%3DOIP.d3R6l4GUGFTSfPTx6jkTKQHaCe%26pid%3DApi&f=1
Converse,http://external-content.duckduckgo.com/iu/?u=https%3A%2F%2Ftse1.mm.bing.net%2Fth%3Fid%3DOIP.XU7Tu2wHrJtLtoVi9OHWfAHaHQ%26pid%3DApi&f=1
Cortefiel,http://external-content.duckduckgo.com/iu/?u=https%3A%2F%2Ftse4.explicit.bing.net%2Fth%3Fid%3DOIP.eC8Vhx__7qX50LqVseZPQQHaA9%26pid%3DApi&f=1
Costco,http://external-content.duckduckgo.com/iu/?u=https%3A%2F%2Ftse4.mm.bing.net%2Fth%3Fid%3DOIP.9QJBBbKi-lhzujb5rt7UtgHaEM%26pid%3DApi&f=1
Cotton On,http://external-content.duckduckgo.com/iu/?u=https%3A%2F%2Ftse4.mm.bing.net%2Fth%3Fid%3DOIP.dKq6YgwgRfort-3A4gg5oAHaBw%26pid%3DApi&f=1
Decathlon,http://external-content.duckduckgo.com/iu/?u=https%3A%2F%2Ftse4.mm.bing.net%2Fth%3Fid%3DOIP.B_rliCo_gb5slaT5gF9CLAHaEK%26pid%3DApi&f=1
Deichmann,http://external-content.duckduckgo.com/iu/?u=https%3A%2F%2Ftse2.mm.bing.net%2Fth%3Fid%3DOIP.X2UR9XjQrRqGVXmOG71vUgENDn%26pid%3DApi&f=1
Desigual,http://external-content.duckduckgo.com/iu/?u=https%3A%2F%2Ftse1.mm.bing.net%2Fth%3Fid%3DOIP.tk3gk7_8zBr-wbx6WCti4AHaFU%26pid%3DApi&f=1
Dick's Sporting Goods,http://external-content.duckduckgo.com/iu/?u=https%3A%2F%2Ftse4.mm.bing.net%2Fth%3Fid%3DOIP.CmrFKMEIEVp8OWBwGviGXAHaDj%26pid%3DApi&f=1
Diesel,http://external-content.duckduckgo.com/iu/?u=https%3A%2F%2Ftse2.mm.bing.net%2Fth%3Fid%3DOIP.5l3LTD9RHXihIlQvGUF84AHaDM%26pid%3DApi&f=1
Dillard's,http://external-content.duckduckgo.com/iu/?u=https%3A%2F%2Ftse2.mm.bing.net%2Fth%3Fid%3DOIP.-gYhIkSXA6PP_hBh5d0VOAHaB5%26pid%3DApi&f=1
Dior,http://external-content.duckduckgo.com/iu/?u=https%3A%2F%2Ftse2.mm.bing.net%2Fth%3Fid%3DOIP.IdceWyaBjZEI-zykb0WeCgHaE8%26pid%3DApi&f=1
Disney,http://external-content.duckduckgo.com/iu/?u=https%3A%2F%2Ftse2.mm.bing.net%2Fth%3Fid%3DOIP.T6nonki_9-WuVc2S144C8wHaDI%26pid%3DApi&f=1
DKNY,http://external-content.duckduckgo.com/iu/?u=https%3A%2F%2Ftse1.mm.bing.net%2Fth%3Fid%3DOIP.2N_o1Dq_XZKfzSF-Zn3L7QHaEM%26pid%3DApi&f=1
Dolce & Gabbana,http://external-content.duckduckgo.com/iu/?u=https%3A%2F%2Ftse1.mm.bing.net%2Fth%3Fid%3DOIP.ooldjWMnNWD8IdMZZhytwwHaE8%26pid%3DApi&f=1
Dr. Martens,http://external-content.duckduckgo.com/iu/?u=https%3A%2F%2Ftse3.mm.bing.net%2Fth%3Fid%3DOIP.FwxrNi_VMxKCvpZGiW_dOwHaEN%26pid%3DApi&f=1
Dressmann,http://external-content.duckduckgo.com/iu/?u=https%3A%2F%2Ftse2.mm.bing.net%2Fth%3Fid%3DOIP.WaULhBqeicP4gxucu0w44AHaA6%26pid%3DApi&f=1
DSW,http://external-content.duckduckgo.com/iu/?u=https%3A%2F%2Ftse3.mm.bing.net%2Fth%3Fid%3DOIP.H5bevRPX43WxhTTWdRjc5QHaDA%26pid%3DApi&f=1
Eddie Bauer,http://external-content.duckduckgo.com/iu/?u=https%3A%2F%2Ftse3.mm.bing.net%2Fth%3Fid%3DOIP.teCM6pTo5mxcN1JjZNuMQAHaHa%26pid%3DApi&f=1
El Corte Inglés,http://external-content.duckduckgo.com/iu/?u=https%3A%2F%2Ftse4.mm.bing.net%2Fth%3Fid%3DOIP.9r5hlNzX8WSs_fiytDdwPgHaEK%26pid%3DApi&f=1
Elie Tahari,http://external-content.duckduckgo.com/iu/?u=https%3A%2F%2Ftse3.mm.bing.net%2Fth%3Fid%3DOIP.uaJ06P_6qCLHM2t0SGApEAHaDT%26pid%3DApi&f=1
Ermenegildo Zegna,http://external-content.duckduckgo.com/iu/?u=https%3A%2F%2Ftse2.mm.bing.net%2Fth%3Fid%3DOIP.yoH1tCoXz2XEmgcMjRtirgHaBD%26pid%3DApi&f=1
Esprit,http://external-content.duckduckgo.com/iu/?u=https%3A%2F%2Ftse2.mm.bing.net%2Fth%3Fid%3DOIP.DAFepliApRu5N65T3JZ6PQHaE8%26pid%3DApi&f=1
Express,http://external-content.duckduckgo.com/iu/?u=https%3A%2F%2Ftse3.mm.bing.net%2Fth%3Fid%3DOIP.gtiY5BVQc6ExVBSZdcrl5AHaBL%26pid%3DApi&f=1
Falabella,http://external-content.duckduckgo.com/iu/?u=https%3A%2F%2Ftse4.mm.bing.net%2Fth%3Fid%3DOIP.cwXXOZTjALGiB0EvoYNB3wHaDw%26pid%3DApi&f=1
Famous Footwear,http://external-content.duckduckgo.com/iu/?u=https%3A%2F%2Ftse3.mm.bing.net%2Fth%3Fid%3DOIP.7sDNgJm63GQ8f9MN7x56HgAAAA%26pid%3DApi&f=1
Fanatics,http://external-content.duckduckgo.com/iu/?u=https%3A%2F%2Ftse3.mm.bing.net%2Fth%3Fid%3DOIP.zGdRq7ZNdJzAAkB-yOn_BwHaFL%26pid%3DApi&f=1
Fashion Nova,http://external-content.duckduckgo.com/iu/?u=https%3A%2F%2Ftse2.mm.bing.net%2Fth%3Fid%3DOIP.5XH55WNSl8d2kZTtZ_kqaAHaHa%26pid%3DApi&f=1
Fendi,http://external-content.duckduckgo.com/iu/?u=https%3A%2F%2Ftse3.mm.bing.net%2Fth%3Fid%3DOIP.YKJ_c5evjFQYrN1car0eDAHaFj%26pid%3DApi&f=1
Fila,http://external-content.duckduckgo.com/iu/?u=https%3A%2F%2Ftse4.mm.bing.net%2Fth%3Fid%3DOIP.6-Oj5lc6pzrQA7l9F3IOFAHaCu%26pid%3DApi&f=1
Fjällräven,http://external-content.duckduckgo.com/iu/?u=https%3A%2F%2Ftse4.mm.bing.net%2Fth%3Fid%3DOIP.0mNq1iNwY2ZLwVVDuudEnwHaHg%26pid%3DApi&f=1
Foot Locker,http://external-content.duckduckgo.com/iu/?u=https%3A%2F%2Ftse2.mm.bing.net%2Fth%3Fid%3DOIP.Tfap62Cq0sWEebjn0F2QRwHaEf%26pid%3DApi&f=1
Foschini,http://external-content.duckduckgo.com/iu/?u=https%3A%2F%2Ftse2.mm.bing.net%2Fth%3Fid%3DOIP.219wxncQRdA9FULkFcwCxQHaE8%26pid%3DApi&f=1
Fossil,http://external-content.duckduckgo.com/iu/?u=https%3A%2F%2Ftse1.mm.bing.net%2Fth%3Fid%3DOIP.0onHbAJLh9KmnDFC6671uwHaEP%26pid%3DApi&f=1
Free people,http://external-content.duckduckgo.com/iu/?u=https%3A%2F%2Ftse2.mm.bing.net%2Fth%3Fid%3DOIP.a2bxtK0u03YgFVe7XrTClwHaBx%26pid%3DApi&f=1
Fruit of the Loom,http://external-content.duckduckgo.com/iu/?u=https%3A%2F%2Ftse4.mm.bing.net%2Fth%3Fid%3DOIP.qbTqZfQ8mmjyviqv-vHdaAHaHa%26pid%3DApi&f=1
Furla,http://external-content.duckduckgo.com/iu/?u=https%3A%2F%2Ftse1.mm.bing.net%2Fth%3Fid%3DOIP.daAUi3xZ_0jphEcUUGzmZwHaBf%26pid%3DApi&f=1
Gap,http://external-content.duckduckgo.com/iu/?u=https%3A%2F%2Ftse2.mm.bing.net%2Fth%3Fid%3DOIP.1TsCL0m_NRjRoEgA5J3GzwHaHa%26pid%3DApi&f=1
Gerry Weber,http://external-content.duckduckgo.com/iu/?u=https%3A%2F%2Ftse2.mm.bing.net%2Fth%3Fid%3DOIP.7cCUH_XJVSg6AZCl9BekRwHaHa%26pid%3DApi&f=1
Gildan,http://external-content.duckduckgo.com/iu/?u=https%3A%2F%2Ftse4.mm.bing.net%2Fth%3Fid%3DOIP.1SCvyQxBuVX-CeVkJpofLQHaBb%26pid%3DApi&f=1
G-Star RAW,http://external-content.duckduckgo.com/iu/?u=https%3A%2F%2Ftse1.mm.bing.net%2Fth%3Fid%3DOIP.Tw1qssCLjpZ2ZVcAsT3ujwHaBC%26pid%3DApi&f=1
GU,http://external-content.duckduckgo.com/iu/?u=https%3A%2F%2Ftse1.mm.bing.net%2Fth%3Fid%3DOIP.0Wp67qv94E1jDF3OGEd3zgHaHa%26pid%3DApi&f=1
Gucci,http://external-content.duckduckgo.com/iu/?u=https%3A%2F%2Ftse4.mm.bing.net%2Fth%3Fid%3DOIP.JXXoTe1CFIRV6rG1vzAM6wHaEa%26pid%3DApi&f=1
GUESS,http://external-content.duckduckgo.com/iu/?u=https%3A%2F%2Ftse1.mm.bing.net%2Fth%3Fid%3DOIP.3rBT-wWpkcyoq3Q0MlOZRgHaGL%26pid%3DApi&f=1
H&M,http://external-content.duckduckgo.com/iu/?u=https%3A%2F%2Ftse2.mm.bing.net%2Fth%3Fid%3DOIP.rl7Nm6Mm-II_ZlQrBJvrewHaE4%26pid%3DApi&f=1
Hanes,http://external-content.duckduckgo.com/iu/?u=https%3A%2F%2Ftse3.mm.bing.net%2Fth%3Fid%3DOIP.93D_L2kmX_InYba0jGyDSwHaGg%26pid%3DApi&f=1
Heilan Home,http://external-content.duckduckgo.com/iu/?u=https%3A%2F%2Ftse1.mm.bing.net%2Fth%3Fid%3DOIP.GTQi7gVK2fehwwCKI1x_3gHaCl%26pid%3DApi&f=1
Helly Hansen,http://external-content.duckduckgo.com/iu/?u=https%3A%2F%2Ftse3.mm.bing.net%2Fth%3Fid%3DOIP.fPx04b4slZtk_Fb_-f7C_wHaE5%26pid%3DApi&f=1
HEMA,http://external-content.duckduckgo.com/iu/?u=https%3A%2F%2Ftse1.mm.bing.net%2Fth%3Fid%3DOIP.ngo0cqIBtIvZYzBOK4wKrQHaHa%26pid%3DApi&f=1
Hermès,http://external-content.duckduckgo.com/iu/?u=https%3A%2F%2Ftse3.mm.bing.net%2Fth%3Fid%3DOIP.BqYLky_H5RwotcZxIEwXBQHaEK%26pid%3DApi&f=1
Hollister Co.,http://external-content.duckduckgo.com/iu/?u=https%3A%2F%2Ftse1.mm.bing.net%2Fth%3Fid%3DOIP.LlUQNd4ore050wHsA9SPCgHaDA%26pid%3DApi&f=1
Hudson's Bay,http://external-content.duckduckgo.com/iu/?u=https%3A%2F%2Ftse2.mm.bing.net%2Fth%3Fid%3DOIP.QyzGfu8qRkU3ViyqKeegZgHaAo%26pid%3DApi&f=1
Hugo Boss,http://external-content.duckduckgo.com/iu/?u=https%3A%2F%2Ftse1.explicit.bing.net%2Fth%3Fid%3DOIP.uKDHMfa_exLDa1C4aTJKXgHaER%26pid%3DApi&f=1
Intimissimi,http://external-content.duckduckgo.com/iu/?u=https%3A%2F%2Ftse2.mm.bing.net%2Fth%3Fid%3DOIP.F7_6UkvPy3TJck_HMz5_dwHaBo%26pid%3DApi&f=1
Ito-Yokado,http://external-content.duckduckgo.com/iu/?u=https%3A%2F%2Ftse1.mm.bing.net%2Fth%3Fid%3DOIP.foG5Y6e0DMdtRaeNlUFHiQHaBV%26pid%3DApi&f=1
Jack & Jones,http://external-content.duckduckgo.com/iu/?u=https%3A%2F%2Ftse4.mm.bing.net%2Fth%3Fid%3DOIP.6TWies6SmcdAFwzwxiQdNwHaBC%26pid%3DApi&f=1
JD Sports,http://external-content.duckduckgo.com/iu/?u=https%3A%2F%2Ftse1.mm.bing.net%2Fth%3Fid%3DOIP.xmAAHYf4nhJxvgE4IU87JAHaHa%26pid%3DApi&f=1
Jessica Simpson,http://external-content.duckduckgo.com/iu/?u=https%3A%2F%2Ftse4.mm.bing.net%2Fth%3Fid%3DOIP.igeZbUoGcPz7r3MyfubpWQHaD2%26pid%3DApi&f=1
Jil Sander,http://external-content.duckduckgo.com/iu/?u=https%3A%2F%2Ftse1.mm.bing.net%2Fth%3Fid%3DOIP.6Z8ivcB4vfx9nUJjZFAVSgHaBH%26pid%3DApi&f=1
Jockey,http://external-content.duckduckgo.com/iu/?u=https%3A%2F%2Ftse1.mm.bing.net%2Fth%3Fid%3DOIP.bbYdeAndCUkvbHLAtHSOxwHaFu%26pid%3DApi&f=1
Joe Fresh,http://external-content.duckduckgo.com/iu/?u=https%3A%2F%2Ftse2.mm.bing.net%2Fth%3Fid%3DOIP.j-34lpOk0MwBEd9mevHrdgHaEL%26pid%3DApi&f=1
John Lewis,http://external-content.duckduckgo.com/iu/?u=https%3A%2F%2Ftse1.mm.bing.net%2Fth%3Fid%3DOIP.u6sncLO6fLfvMHx3l38M4QHaBv%26pid%3DApi&f=1
Jordan,http://external-content.duckduckgo.com/iu/?u=https%3A%2F%2Ftse1.mm.bing.net%2Fth%3Fid%3DOIP.TWDOn4eq1Zipw770Qken7gHaG6%26pid%3DApi&f=1
Justfab,http://external-content.duckduckgo.com/iu/?u=https%3A%2F%2Ftse2.mm.bing.net%2Fth%3Fid%3DOIP.GR4c2G_7dMRiugZmAhLKIwHaBd%26pid%3DApi&f=1
Kate Spade,http://external-content.duckduckgo.com/iu/?u=https%3A%2F%2Ftse3.mm.bing.net%2Fth%3Fid%3DOIP.yXIlvhzyw_BMpvSW2cXsvgHaDt%26pid%3DApi&f=1
Kathmandu,http://external-content.duckduckgo.com/iu/?u=https%3A%2F%2Ftse4.mm.bing.net%2Fth%3Fid%3DOIP.rbVUvUG3YHp6ilELXZIk5wHaCz%26pid%3DApi&f=1
Kaufland,http://external-content.duckduckgo.com/iu/?u=https%3A%2F%2Ftse4.mm.bing.net%2Fth%3Fid%3DOIP.CRX4Iecb4tXcQz04Ex0MsgHaGO%26pid%3DApi&f=1
Kiabi,http://external-content.duckduckgo.com/iu/?u=https%3A%2F%2Ftse2.mm.bing.net%2Fth%3Fid%3DOIP.j9h_Kc-1yA9SzZSfSUnpgAHaHa%26pid%3DApi&f=1
KiK,http://external-content.duckduckgo.com/iu/?u=https%3A%2F%2Ftse3.mm.bing.net%2Fth%3Fid%3DOIP.79qco49azeSrGGjtbrexyQHaHa%26pid%3DApi&f=1
Kmart ,http://external-content.duckduckgo.com/iu/?u=https%3A%2F%2Ftse3.mm.bing.net%2Fth%3Fid%3DOIP.QiIwym8yrZxNo-V7OIR62QHaEM%26pid%3DApi&f=1
Kmart Australia,http://external-content.duckduckgo.com/iu/?u=https%3A%2F%2Ftse3.mm.bing.net%2Fth%3Fid%3DOIP.GrS_OqZpYwGyCdMD2zAe0AHaHa%26pid%3DApi&f=1
Kohl's,http://external-content.duckduckgo.com/iu/?u=https%3A%2F%2Ftse2.mm.bing.net%2Fth%3Fid%3DOIP.5Q556SExD42u7hHRCbJ7wAHaBH%26pid%3DApi&f=1
KOOVS,http://external-content.duckduckgo.com/iu/?u=https%3A%2F%2Ftse3.mm.bing.net%2Fth%3Fid%3DOIP.ant86zazletdwafCxQxnXAHaHa%26pid%3DApi&f=1
K-Way,http://external-content.duckduckgo.com/iu/?u=https%3A%2F%2Ftse4.mm.bing.net%2Fth%3Fid%3DOIP.f4qWNYWSw6BGXbdIwb2Q2QHaHa%26pid%3DApi&f=1
La Redoute,http://external-content.duckduckgo.com/iu/?u=https%3A%2F%2Ftse3.mm.bing.net%2Fth%3Fid%3DOIP.81B3H0mtQm4If3hBomnl0QHaCb%26pid%3DApi&f=1
Lacoste,http://external-content.duckduckgo.com/iu/?u=https%3A%2F%2Ftse2.mm.bing.net%2Fth%3Fid%3DOIP.sq9cWKyFVji8QNVRppWWzgHaEK%26pid%3DApi&f=1
Lands' End,http://external-content.duckduckgo.com/iu/?u=https%3A%2F%2Ftse4.mm.bing.net%2Fth%3Fid%3DOIP.anCiGUqRi4xdZBn5CXVeIwHaEy%26pid%3DApi&f=1
LC Waikiki,http://external-content.duckduckgo.com/iu/?u=https%3A%2F%2Ftse3.mm.bing.net%2Fth%3Fid%3DOIP.ag7HGcN5aiDQ7_7KxmpAlAHaHa%26pid%3DApi&f=1
Levi Strauss & Co,http://external-content.duckduckgo.com/iu/?u=https%3A%2F%2Ftse1.mm.bing.net%2Fth%3Fid%3DOIP.u-NmMVtJZn4bH_aOJ8-ZcwHaFQ%26pid%3DApi&f=1
Lidl,http://external-content.duckduckgo.com/iu/?u=https%3A%2F%2Ftse3.mm.bing.net%2Fth%3Fid%3DOIP.dkQwoJ02umEh9OHdAmDFpAHaHa%26pid%3DApi&f=1
Lindex,http://external-content.duckduckgo.com/iu/?u=https%3A%2F%2Ftse1.mm.bing.net%2Fth%3Fid%3DOIP.mHysQmu4evr0x9uQiKOqGgHaCX%26pid%3DApi&f=1
Li-Ning,http://external-content.duckduckgo.com/iu/?u=https%3A%2F%2Ftse3.mm.bing.net%2Fth%3Fid%3DOIP.74lUTS3-iDtYEBQaq0P3AAHaFu%26pid%3DApi&f=1
LL Bean,http://external-content.duckduckgo.com/iu/?u=https%3A%2F%2Ftse1.mm.bing.net%2Fth%3Fid%3DOIP.qK_VsNgz2VAs9B0IrU-N4AHaHa%26pid%3DApi&f=1
Longchamp,http://external-content.duckduckgo.com/iu/?u=https%3A%2F%2Ftse1.mm.bing.net%2Fth%3Fid%3DOIP.8NuwbZhDdtMQ49ZHXMHVXQHaE3%26pid%3DApi&f=1
Louis Vuitton,http://external-content.duckduckgo.com/iu/?u=https%3A%2F%2Ftse2.mm.bing.net%2Fth%3Fid%3DOIP.XiHWAr0yd4Mod8Vuf_afPwHaF0%26pid%3DApi&f=1
Lululemon,http://external-content.duckduckgo.com/iu/?u=https%3A%2F%2Ftse2.mm.bing.net%2Fth%3Fid%3DOIP.xwofHz9LnQf7aouzU4cefAHaHf%26pid%3DApi&f=1
Macy's,http://external-content.duckduckgo.com/iu/?u=https%3A%2F%2Ftse4.mm.bing.net%2Fth%3Fid%3DOIP.B7-Sq-PnZsUaFK31Eo_JGQHaCI%26pid%3DApi&f=1
Mammut,http://external-content.duckduckgo.com/iu/?u=https%3A%2F%2Ftse4.mm.bing.net%2Fth%3Fid%3DOIP.rg5Fdj2o7mCqKsF2iC6wgAHaGO%26pid%3DApi&f=1
Mango,http://external-content.duckduckgo.com/iu/?u=https%3A%2F%2Ftse1.mm.bing.net%2Fth%3Fid%3DOIP.7tBfaONlmpYiZ01HvVUDrgHaBb%26pid%3DApi&f=1
Marc Jacobs,http://external-content.duckduckgo.com/iu/?u=https%3A%2F%2Ftse1.mm.bing.net%2Fth%3Fid%3DOIP.li0SxevsB9AkmI7nstR2QgHaBb%26pid%3DApi&f=1
Marks & Spencer,http://external-content.duckduckgo.com/iu/?u=https%3A%2F%2Ftse3.mm.bing.net%2Fth%3Fid%3DOIP.z3Z1o1iEWLuXymYE0_hiBgHaD6%26pid%3DApi&f=1
Marni,http://external-content.duckduckgo.com/iu/?u=https%3A%2F%2Ftse3.mm.bing.net%2Fth%3Fid%3DOIP.DmdffpDaRhrNjLlVPs2eGQHaBW%26pid%3DApi&f=1
Massimo Dutti,http://external-content.duckduckgo.com/iu/?u=https%3A%2F%2Ftse1.mm.bing.net%2Fth%3Fid%3DOIP.9q-kyuu7YRxJWgErBCvdfAHaFG%26pid%3DApi&f=1
Matalan,http://external-content.duckduckgo.com/iu/?u=https%3A%2F%2Ftse1.mm.bing.net%2Fth%3Fid%3DOIP.tYDuKuXERd0ibCQOdQsK5gHaHa%26pid%3DApi&f=1
Max Mara,http://external-content.duckduckgo.com/iu/?u=https%3A%2F%2Ftse4.mm.bing.net%2Fth%3Fid%3DOIP.ZiSoW0a9z0qhFG_v5HPXHAHaHa%26pid%3DApi&f=1
Merrell,http://external-content.duckduckgo.com/iu/?u=https%3A%2F%2Ftse4.mm.bing.net%2Fth%3Fid%3DOIP.vHzZ9e_DzmUzhzVEnIISAAHaBo%26pid%3DApi&f=1
Metersbonwe,http://external-content.duckduckgo.com/iu/?u=https%3A%2F%2Ftse1.mm.bing.net%2Fth%3Fid%3DOIP.r_cfWkblZiJu1LSkr9iKOAHaHa%26pid%3DApi&f=1
Mexx,http://external-content.duckduckgo.com/iu/?u=https%3A%2F%2Ftse4.mm.bing.net%2Fth%3Fid%3DOIP.G1iGj9Hp5Z76l05JkiUMuQHaBt%26pid%3DApi&f=1
Michael Kors,http://external-content.duckduckgo.com/iu/?u=https%3A%2F%2Ftse2.mm.bing.net%2Fth%3Fid%3DOIP.e3_gzXpc0dQzsAijWlw0vgHaEs%26pid%3DApi&f=1
Miu Miu,http://external-content.duckduckgo.com/iu/?u=https%3A%2F%2Ftse3.mm.bing.net%2Fth%3Fid%3DOIP.eyqpqETeA18ZMabrcjT2HAHaE8%26pid%3DApi&f=1
Mizuno,http://external-content.duckduckgo.com/iu/?u=https%3A%2F%2Ftse1.mm.bing.net%2Fth%3Fid%3DOIP.e6zivqWs7qSiS81F0zDDGQHaEK%26pid%3DApi&f=1
Moncler,http://external-content.duckduckgo.com/iu/?u=https%3A%2F%2Ftse3.mm.bing.net%2Fth%3Fid%3DOIP.ux21wVZq1-LP1QQBtb49UwAAAA%26pid%3DApi&f=1
Monoprix,http://external-content.duckduckgo.com/iu/?u=https%3A%2F%2Ftse2.explicit.bing.net%2Fth%3Fid%3DOIP.lBfC-0jznn0ahPqhbzG9MAHaBV%26pid%3DApi&f=1
Morrisons,http://external-content.duckduckgo.com/iu/?u=https%3A%2F%2Ftse1.mm.bing.net%2Fth%3Fid%3DOIP.EJG7Mvgzb1RykZhmSlqnQgHaD6%26pid%3DApi&f=1
MRP,http://external-content.duckduckgo.com/iu/?u=https%3A%2F%2Ftse2.mm.bing.net%2Fth%3Fid%3DOIP.B7UKiHQ6CdxXMXNbhsSvtwHaCe%26pid%3DApi&f=1
Muji,http://external-content.duckduckgo.com/iu/?u=https%3A%2F%2Ftse4.mm.bing.net%2Fth%3Fid%3DOIP.mGfLQNJNBgJ4jY_ZSBYWLwHaFj%26pid%3DApi&f=1
New Balance,http://external-content.duckduckgo.com/iu/?u=https%3A%2F%2Ftse4.mm.bing.net%2Fth%3Fid%3DOIP._XkGqMc0uFqQUBdVdKwSfgHaHZ%26pid%3DApi&f=1
New Look,http://external-content.duckduckgo.com/iu/?u=https%3A%2F%2Ftse2.mm.bing.net%2Fth%3Fid%3DOIP.brgtKzcol9K-xxlMdZSzJwHaDt%26pid%3DApi&f=1
New Yorker,http://external-content.duckduckgo.com/iu/?u=https%3A%2F%2Ftse1.mm.bing.net%2Fth%3Fid%3DOIP.o62g4smXI5_1Yy4-nqBiRwILB3%26pid%3DApi&f=1
Next,http://external-content.duckduckgo.com/iu/?u=https%3A%2F%2Ftse1.mm.bing.net%2Fth%3Fid%3DOIP.1F9NDhMS0pZ6C9bIKZ5jGwHaDv%26pid%3DApi&f=1
Nike,http://external-content.duckduckgo.com/iu/?u=https%3A%2F%2Ftse3.mm.bing.net%2Fth%3Fid%3DOIP.w94I8E_5J7TisNcd5otVowHaDi%26pid%3DApi&f=1
Nine West,http://external-content.duckduckgo.com/iu/?u=https%3A%2F%2Ftse4.mm.bing.net%2Fth%3Fid%3DOIP.bgJojqfNfV6j6dejgTTfAAHaE8%26pid%3DApi&f=1
Nordstrom,http://external-content.duckduckgo.com/iu/?u=https%3A%2F%2Ftse4.mm.bing.net%2Fth%3Fid%3DOIP.4h-exyr7EtrX-MOVVSEF1wHaCC%26pid%3DApi&f=1
Old Navy,http://external-content.duckduckgo.com/iu/?u=https%3A%2F%2Ftse3.mm.bing.net%2Fth%3Fid%3DOIP.IDE03gjWCZ3KBzFQZ3ReSAHaD4%26pid%3DApi&f=1
Otto,http://external-content.duckduckgo.com/iu/?u=https%3A%2F%2Ftse4.mm.bing.net%2Fth%3Fid%3DOIP.8yw1oIHPnQUF8FB1CsKv_QHaCf%26pid%3DApi&f=1
OVS,http://external-content.duckduckgo.com/iu/?u=https%3A%2F%2Ftse1.mm.bing.net%2Fth%3Fid%3DOIP.gjQAXBpqGGb9ILzUVXeO0QHaHa%26pid%3DApi&f=1
Paris,http://external-content.duckduckgo.com/iu/?u=https%3A%2F%2Ftse3.mm.bing.net%2Fth%3Fid%3DOIP.1zVL2idt0qrUUutR-K8SOAHaFl%26pid%3DApi&f=1
Patagonia,http://external-content.duckduckgo.com/iu/?u=https%3A%2F%2Ftse2.mm.bing.net%2Fth%3Fid%3DOIP.J4iuYxnQoQ5Bx2Kckjn9xQHaEK%26pid%3DApi&f=1
Pepe Jeans,http://external-content.duckduckgo.com/iu/?u=https%3A%2F%2Ftse2.mm.bing.net%2Fth%3Fid%3DOIP.SKd9OyrDx1A4FRqFNGRXTAHaIC%26pid%3DApi&f=1
Pimkie,http://external-content.duckduckgo.com/iu/?u=https%3A%2F%2Ftse1.mm.bing.net%2Fth%3Fid%3DOIP.PilQYJj40g2FBLY2kwvQKwHaHa%26pid%3DApi&f=1
Prada,http://external-content.duckduckgo.com/iu/?u=https%3A%2F%2Ftse4.mm.bing.net%2Fth%3Fid%3DOIP.Y2lYQjT_PxkMWrW4fmi1rgHaEK%26pid%3DApi&f=1
PrettyLittleThing,http://external-content.duckduckgo.com/iu/?u=https%3A%2F%2Ftse1.mm.bing.net%2Fth%3Fid%3DOIP.ATJl6gwGQHenXoKR0hnG2gHaA2%26pid%3DApi&f=1
Primark,http://external-content.duckduckgo.com/iu/?u=https%3A%2F%2Ftse1.explicit.bing.net%2Fth%3Fid%3DOIP.Ln_bsbmoF0LrtkPFbM5-uwHaA8%26pid%3DApi&f=1
Prisma,http://external-content.duckduckgo.com/iu/?u=https%3A%2F%2Ftse1.mm.bing.net%2Fth%3Fid%3DOIP.Kge3Osu-uITcwzog1dI8MQHaHa%26pid%3DApi&f=1
Pull&Bear,http://external-content.duckduckgo.com/iu/?u=https%3A%2F%2Ftse4.mm.bing.net%2Fth%3Fid%3DOIP.t96-JHnYixN2T7yp4Ht3aAHaBW%26pid%3DApi&f=1
Puma,http://external-content.duckduckgo.com/iu/?u=https%3A%2F%2Ftse3.mm.bing.net%2Fth%3Fid%3DOIP.byt9LdYLWkhvkP__GJpyigHaFy%26pid%3DApi&f=1
Quiksilver,http://external-content.duckduckgo.com/iu/?u=https%3A%2F%2Ftse1.mm.bing.net%2Fth%3Fid%3DOIP.g8dMjfMMHHanJobqlWeYmQHaEl%26pid%3DApi&f=1
Ralph Lauren,http://external-content.duckduckgo.com/iu/?u=https%3A%2F%2Ftse2.mm.bing.net%2Fth%3Fid%3DOIP.FAwuCi3XfDreoT8QLMW7AAHaI-%26pid%3DApi&f=1
Reebok,http://external-content.duckduckgo.com/iu/?u=https%3A%2F%2Ftse2.mm.bing.net%2Fth%3Fid%3DOIP.fBT1uG5CuOCuDZHdK_wt_gHaEK%26pid%3DApi&f=1
REI,http://external-content.duckduckgo.com/iu/?u=https%3A%2F%2Ftse2.mm.bing.net%2Fth%3Fid%3DOIP.LddI7fvfTwLGG-CEqf9KdQHaE_%26pid%3DApi&f=1
Reliance Trends,http://external-content.duckduckgo.com/iu/?u=https%3A%2F%2Ftse4.mm.bing.net%2Fth%3Fid%3DOIP.eEm1HfugWnI5CPQruD30kAHaEL%26pid%3DApi&f=1
Reserved,http://external-content.duckduckgo.com/iu/?u=https%3A%2F%2Ftse2.mm.bing.net%2Fth%3Fid%3DOIP.YoQdYGNEONy4WfvkwLf2mQHaBW%26pid%3DApi&f=1
REVOLVE,http://external-content.duckduckgo.com/iu/?u=https%3A%2F%2Ftse4.mm.bing.net%2Fth%3Fid%3DOIP.77H_ED-thiYBnHCOJJYy8gHaEs%26pid%3DApi&f=1
River Island,http://external-content.duckduckgo.com/iu/?u=https%3A%2F%2Ftse2.explicit.bing.net%2Fth%3Fid%3DOIP.dGnZ82ufsKnPtOx6d5WV2wHaD2%26pid%3DApi&f=1
Ross Dress for Less,http://external-content.duckduckgo.com/iu/?u=https%3A%2F%2Ftse2.mm.bing.net%2Fth%3Fid%3DOIP.I3Jbk5AxKNDx3erHC8RgeAHaC_%26pid%3DApi&f=1
Roxy,http://external-content.duckduckgo.com/iu/?u=https%3A%2F%2Ftse2.mm.bing.net%2Fth%3Fid%3DOIP.3HSudOJavbBSUymDyFinnwHaGM%26pid%3DApi&f=1
Russell Athletic,http://external-content.duckduckgo.com/iu/?u=https%3A%2F%2Ftse2.mm.bing.net%2Fth%3Fid%3DOIP.bYBi2hmKU67rdIUYlUg4UgHaHa%26pid%3DApi&f=1
s.Oliver,http://external-content.duckduckgo.com/iu/?u=https%3A%2F%2Ftse1.mm.bing.net%2Fth%3Fid%3DOIP.Dca2f_e4-Q_kvytlBD-n7QHaHa%26pid%3DApi&f=1
Sainsbury's,http://external-content.duckduckgo.com/iu/?u=https%3A%2F%2Ftse1.mm.bing.net%2Fth%3Fid%3DOIP.VOtUUFaMDvoHKBf2gfgVawHaCO%26pid%3DApi&f=1
SAINT LAURENT,http://external-content.duckduckgo.com/iu/?u=https%3A%2F%2Ftse3.mm.bing.net%2Fth%3Fid%3DOIP.KUBRirchg66utLW5F2crzQHaIH%26pid%3DApi&f=1
Saks Fifth Avenue,http://external-content.duckduckgo.com/iu/?u=https%3A%2F%2Ftse2.mm.bing.net%2Fth%3Fid%3DOIP.7KiMCJ2H9pvnKIQo1AZAHwHaHX%26pid%3DApi&f=1
Salvatore Ferragamo,http://external-content.duckduckgo.com/iu/?u=https%3A%2F%2Ftse2.mm.bing.net%2Fth%3Fid%3DOIP.foAZtIG0yHGa2t3357FL0QHaCk%26pid%3DApi&f=1
Sandro,http://external-content.duckduckgo.com/iu/?u=https%3A%2F%2Ftse3.mm.bing.net%2Fth%3Fid%3DOIP.i3DrsLiZku8Bw4oANgdX9AHaBW%26pid%3DApi&f=1
Semir,http://external-content.duckduckgo.com/iu/?u=https%3A%2F%2Ftse2.mm.bing.net%2Fth%3Fid%3DOIP.Dif2J2HSxeQkOeyuN73rXwHaDt%26pid%3DApi&f=1
SHEIN,http://external-content.duckduckgo.com/iu/?u=https%3A%2F%2Ftse4.mm.bing.net%2Fth%3Fid%3DOIP.Y2ZoQS3WBs3N60mXziRMQwHaBk%26pid%3DApi&f=1
Skechers,http://external-content.duckduckgo.com/iu/?u=https%3A%2F%2Ftse4.mm.bing.net%2Fth%3Fid%3DOIP.imeGE7Gk3ui66cHrqKRJBgHaC6%26pid%3DApi&f=1
Speedo,http://external-content.duckduckgo.com/iu/?u=https%3A%2F%2Ftse3.mm.bing.net%2Fth%3Fid%3DOIP.-89jNjevESq6UU7GNDD6ywHaER%26pid%3DApi&f=1
Splash,http://external-content.duckduckgo.com/iu/?u=https%3A%2F%2Ftse1.mm.bing.net%2Fth%3Fid%3DOIP.sOIJlw14Why5aeUOOX2mZAHaFL%26pid%3DApi&f=1
Sports Direct,http://external-content.duckduckgo.com/iu/?u=https%3A%2F%2Ftse4.explicit.bing.net%2Fth%3Fid%3DOIP.A7vdoWNICM8wf4ZxynZ8AwHaHa%26pid%3DApi&f=1
Steve Madden,http://external-content.duckduckgo.com/iu/?u=https%3A%2F%2Ftse4.mm.bing.net%2Fth%3Fid%3DOIP.1d66UWbhKnvPugc9GbY8BwHaBw%26pid%3DApi&f=1
Stradivarius,http://external-content.duckduckgo.com/iu/?u=https%3A%2F%2Ftse2.mm.bing.net%2Fth%3Fid%3DOIP.1Iy4LmiUe7_VectfWv5oYQHaB6%26pid%3DApi&f=1
Superdry,http://external-content.duckduckgo.com/iu/?u=https%3A%2F%2Ftse2.mm.bing.net%2Fth%3Fid%3DOIP.MdmebsDTknXEoLyFGD_aJgHaCI%26pid%3DApi&f=1
Takko,http://external-content.duckduckgo.com/iu/?u=https%3A%2F%2Ftse2.mm.bing.net%2Fth%3Fid%3DOIP.NXXvWigDPKruF88ebFCqmAHaDX%26pid%3DApi&f=1
Target,http://external-content.duckduckgo.com/iu/?u=https%3A%2F%2Ftse1.mm.bing.net%2Fth%3Fid%3DOIP.C4ykIeKHIclkZBzSfYwkngHaKL%26pid%3DApi&f=1
Target Australia,http://external-content.duckduckgo.com/iu/?u=https%3A%2F%2Ftse3.mm.bing.net%2Fth%3Fid%3DOIP.SavHbo4MT_IpNUa5yV4S_gHaDD%26pid%3DApi&f=1
Tchibo,http://external-content.duckduckgo.com/iu/?u=https%3A%2F%2Ftse4.mm.bing.net%2Fth%3Fid%3DOIP.nSkgmg-RcRK9ksWUeVkM5AHaHJ%26pid%3DApi&f=1
Ted Baker,http://external-content.duckduckgo.com/iu/?u=https%3A%2F%2Ftse4.mm.bing.net%2Fth%3Fid%3DOIP.53BGpQkoyeNEH5wI7TkVBwHaHa%26pid%3DApi&f=1
Tesco ,http://external-content.duckduckgo.com/iu/?u=https%3A%2F%2Ftse3.mm.bing.net%2Fth%3Fid%3DOIP.1mgXpbKh1DQGE__MEq-4EAHaFQ%26pid%3DApi&f=1
Tezenis,http://external-content.duckduckgo.com/iu/?u=https%3A%2F%2Ftse4.mm.bing.net%2Fth%3Fid%3DOIP.X8Yip1fqeCXDcET7_3EpLQHaBY%26pid%3DApi&f=1
The Children's Place,http://external-content.duckduckgo.com/iu/?u=https%3A%2F%2Ftse3.mm.bing.net%2Fth%3Fid%3DOIP.Mw-aGaEZDk7_FdKJhtwY0QHaHa%26pid%3DApi&f=1
The North Face,http://external-content.duckduckgo.com/iu/?u=https%3A%2F%2Ftse1.mm.bing.net%2Fth%3Fid%3DOIP.krtdlElr26xsFMCwHwlYPQHaEK%26pid%3DApi&f=1
The Warehouse,http://external-content.duckduckgo.com/iu/?u=https%3A%2F%2Ftse2.mm.bing.net%2Fth%3Fid%3DOIP.tZJgvcBZ6QZ_iPANDL0KOwHaCZ%26pid%3DApi&f=1
Timberland,http://external-content.duckduckgo.com/iu/?u=https%3A%2F%2Ftse1.mm.bing.net%2Fth%3Fid%3DOIP.YTm2kV4z5kJCgZusRpzREQHaEK%26pid%3DApi&f=1
TJ Maxx,http://external-content.duckduckgo.com/iu/?u=https%3A%2F%2Ftse4.mm.bing.net%2Fth%3Fid%3DOIP.H8fjz-QeearLc8yBZsbQYQHaB1%26pid%3DApi&f=1
Tod's,http://external-content.duckduckgo.com/iu/?u=https%3A%2F%2Ftse2.mm.bing.net%2Fth%3Fid%3DOIP.voK9FpXMkPWdxStVtJBXAQHaDI%26pid%3DApi&f=1
Tom Ford,http://external-content.duckduckgo.com/iu/?u=https%3A%2F%2Ftse2.mm.bing.net%2Fth%3Fid%3DOIP.ZVDezrSVzsv3vuo0Wye1AQHaBb%26pid%3DApi&f=1
Tom Tailor,http://external-content.duckduckgo.com/iu/?u=https%3A%2F%2Ftse1.mm.bing.net%2Fth%3Fid%3DOIP.s7X0mD3KtKL1sfp0C8p5jgHaCg%26pid%3DApi&f=1
Tommy Bahama,http://external-content.duckduckgo.com/iu/?u=https%3A%2F%2Ftse2.mm.bing.net%2Fth%3Fid%3DOIP.CZPggl5-3PZ-GgE9fRPm1QHaCs%26pid%3DApi&f=1
Tommy Hilfiger,http://external-content.duckduckgo.com/iu/?u=https%3A%2F%2Ftse4.mm.bing.net%2Fth%3Fid%3DOIP.gf-RL04mCFqNgBOHdzbBQAHaHa%26pid%3DApi&f=1
Topman,http://external-content.duckduckgo.com/iu/?u=https%3A%2F%2Ftse4.mm.bing.net%2Fth%3Fid%3DOIP.OEuLcY9cyM1cCuHd7met4gHaBQ%26pid%3DApi&f=1
Topshop,http://external-content.duckduckgo.com/iu/?u=https%3A%2F%2Ftse2.mm.bing.net%2Fth%3Fid%3DOIP.VMYU5zFo6zNhC8pr1FhRIwHaHa%26pid%3DApi&f=1
TOPVALU COLLECTION,http://external-content.duckduckgo.com/iu/?u=https%3A%2F%2Ftse2.mm.bing.net%2Fth%3Fid%3DOIF.UkEExOPPkZWY56v9BnSb%252fw%26pid%3DApi&f=1
Tory Burch,http://external-content.duckduckgo.com/iu/?u=https%3A%2F%2Ftse3.mm.bing.net%2Fth%3Fid%3DOIP.POhyD9U3UVsgrbpGSdyDCgHaGq%26pid%3DApi&f=1
Triumph,http://external-content.duckduckgo.com/iu/?u=https%3A%2F%2Ftse2.mm.bing.net%2Fth%3Fid%3DOIP.grJbU4AKUnecCAp6eNkpugHaGn%26pid%3DApi&f=1
Truworths,http://external-content.duckduckgo.com/iu/?u=https%3A%2F%2Ftse3.mm.bing.net%2Fth%3Fid%3DOIP.MC6joynoPyK--pSZ_VLooAHaCj%26pid%3DApi&f=1
UGG,http://external-content.duckduckgo.com/iu/?u=https%3A%2F%2Ftse4.mm.bing.net%2Fth%3Fid%3DOIP.S1Edsar2Vws-pOWmvGYW2wHaEH%26pid%3DApi&f=1
Under Armour,http://external-content.duckduckgo.com/iu/?u=https%3A%2F%2Ftse4.mm.bing.net%2Fth%3Fid%3DOIP.Krgzc3F93_D_4g1k7f7BQQHaEn%26pid%3DApi&f=1
Uniqlo,http://external-content.duckduckgo.com/iu/?u=https%3A%2F%2Ftse1.mm.bing.net%2Fth%3Fid%3DOIP.odeNbu01DG9MDDw8nIp0qwHaHX%26pid%3DApi&f=1
United Arrows,http://external-content.duckduckgo.com/iu/?u=https%3A%2F%2Ftse2.mm.bing.net%2Fth%3Fid%3DOIP.1uBXbFZPF19Qqov2ZPMhBwHaEX%26pid%3DApi&f=1
United Colors of Benetton,http://external-content.duckduckgo.com/iu/?u=https%3A%2F%2Ftse4.mm.bing.net%2Fth%3Fid%3DOIP.-0s_a9pBPWx3BSLmCBn48gHaEj%26pid%3DApi&f=1
Urban Outfitters,http://external-content.duckduckgo.com/iu/?u=https%3A%2F%2Ftse3.mm.bing.net%2Fth%3Fid%3DOIP.Mf0OhGqnmVilPVemvlwkeQHaF1%26pid%3DApi&f=1
Valentino,http://external-content.duckduckgo.com/iu/?u=https%3A%2F%2Ftse4.mm.bing.net%2Fth%3Fid%3DOIP.-2zHze1-BV64_ZYCg8r8CQHaEK%26pid%3DApi&f=1
Van Heusen,http://external-content.duckduckgo.com/iu/?u=https%3A%2F%2Ftse2.mm.bing.net%2Fth%3Fid%3DOIP.4eXXD1g61uOot8-bbadJmQHaHa%26pid%3DApi&f=1
Vans,http://external-content.duckduckgo.com/iu/?u=https%3A%2F%2Ftse2.mm.bing.net%2Fth%3Fid%3DOIP.LCNDMWeygIONJzzmowI4kwHaDX%26pid%3DApi&f=1
Vero Moda,http://external-content.duckduckgo.com/iu/?u=https%3A%2F%2Ftse2.mm.bing.net%2Fth%3Fid%3DOIP.dDwNOe_-4n2OIneppef1NgHaBc%26pid%3DApi&f=1
Versace,http://external-content.duckduckgo.com/iu/?u=https%3A%2F%2Ftse4.mm.bing.net%2Fth%3Fid%3DOIP.yii2mkIyh9tSkzF5tGWUMQHaEK%26pid%3DApi&f=1
Very,http://external-content.duckduckgo.com/iu/?u=https%3A%2F%2Ftse1.mm.bing.net%2Fth%3Fid%3DOIP.ySrYRAHmtGRGNltqDNfXOQHaHa%26pid%3DApi&f=1
Victoria's Secret,http://external-content.duckduckgo.com/iu/?u=https%3A%2F%2Ftse1.mm.bing.net%2Fth%3Fid%3DOIP.MMZ9j1zjRLAMdZxE_SEThAHaEK%26pid%3DApi&f=1
Walmart,http://external-content.duckduckgo.com/iu/?u=https%3A%2F%2Ftse1.mm.bing.net%2Fth%3Fid%3DOIP.L01BsA2JG3F-eA-2bq8oggHaCA%26pid%3DApi&f=1
Woolworths South Africa,http://external-content.duckduckgo.com/iu/?u=https%3A%2F%2Ftse1.mm.bing.net%2Fth%3Fid%3DOIP.J6hDKNh3hYyvN0JPdDtrIQAAAA%26pid%3DApi&f=1
Wrangler,http://external-content.duckduckgo.com/iu/?u=https%3A%2F%2Ftse3.mm.bing.net%2Fth%3Fid%3DOIP.-ABZ-If-qqY2eijMB7YKtwHaCm%26pid%3DApi&f=1
Youngor,http://external-content.duckduckgo.com/iu/?u=https%3A%2F%2Ftse3.mm.bing.net%2Fth%3Fid%3DOIP.BaNffifoecSVBNjG6Wo4VwHaFo%26pid%3DApi&f=1
Zalando,http://external-content.duckduckgo.com/iu/?u=https%3A%2F%2Ftse3.mm.bing.net%2Fth%3Fid%3DOIP.0XedgYdJ995NDhyDkrHt8QHaBb%26pid%3DApi&f=1
Zara,http://external-content.duckduckgo.com/iu/?u=https%3A%2F%2Ftse1.mm.bing.net%2Fth%3Fid%3DOIP.MeTJdYpUGZ_iaMpS0eQr0gHaCa%26pid%3DApi&f=1
Zeeman,http://external-content.duckduckgo.com/iu/?u=https%3A%2F%2Ftse4.mm.bing.net%2Fth%3Fid%3DOIP.m3xbHci0a1JrAXrFh6RBoQHaHa%26pid%3DApi&f=1
